{
  "train_loss": [
    0.3999356091322012,
    0.3827308109524129,
    0.37971783816681304,
    0.37736544096223607,
    0.37566520727958713,
    0.3745007053192337,
    0.37391636279759494,
    0.37321413877055604,
    0.372692618254907,
    0.372368383114728,
    0.3719879466518219,
    0.3718343158879139,
    0.3713697473025069,
    0.3713463785294246,
    0.371161870787358,
    0.37097261113071495,
    0.3708627311744748,
    0.3706737283236617,
    0.37075467799576484,
    0.37042315118742813,
    0.3703607633035986,
    0.37026800345868655,
    0.37005974774184935,
    0.3700861311920657,
    0.36997635902172354,
    0.3698780601714191,
    0.3698841064236538,
    0.3697353047009356,
    0.3697708340196354,
    0.3699791525942463,
    0.3697972402167946,
    0.36964516405750425,
    0.36963244423162067,
    0.36962452207212004,
    0.36958029840426493,
    0.3694135800528167,
    0.36957755964405375,
    0.3694271956456566,
    0.36932493309479464,
    0.36934990326430395,
    0.36921114702087615,
    0.3692979789409206,
    0.369274836514064,
    0.36935531695351,
    0.3690578756570017,
    0.3691918002633926,
    0.36904721622657405,
    0.36900475018853784
  ],
  "val_loss": [
    0.3709930239080374,
    0.37131223164518207,
    0.3674152242844381,
    0.36683182925723185,
    0.3756065181708739,
    0.36592181424687925,
    0.36495835493163514,
    0.37054452807448496,
    0.3688877001889826,
    0.3722230855734476,
    0.36309725370180485,
    0.3662491027692643,
    0.3646062705180763,
    0.363617714222831,
    0.3621791403129464,
    0.3621246709420423,
    0.36417471859992173,
    0.3618629870422107,
    0.36109280759410467,
    0.36252194075981,
    0.36352028282514465,
    0.3619693321234081,
    0.36460584407905117,
    0.36339951362848905,
    0.3623025521762126,
    0.3622175960141855,
    0.3646313064430918,
    0.3596587205150475,
    0.3621835299563827,
    0.3660934766230639,
    0.36487715372156043,
    0.3635937900592883,
    0.36342625989345834,
    0.361623667490979,
    0.3635252872384929,
    0.3637397503431809,
    0.36041302732094965,
    0.36078416072026204,
    0.3627043288142886,
    0.36329214709500474,
    0.36186343428562395,
    0.3651945606203905,
    0.376200796434811,
    0.36273893937080476,
    0.36187111436447594,
    0.3605353342960977,
    0.3626139998038222,
    0.3678624865715392
  ],
  "train_metrics": [
    {
      "mse": 0.3998904824256897,
      "mae": 0.300095796585083,
      "rmse": 0.6323689222335815,
      "r2": 0.4927518367767334
    },
    {
      "mse": 0.38272973895072937,
      "mae": 0.28704261779785156,
      "rmse": 0.6186515688896179,
      "r2": 0.5145196914672852
    },
    {
      "mse": 0.37979036569595337,
      "mae": 0.28535938262939453,
      "rmse": 0.6162713170051575,
      "r2": 0.5182482004165649
    },
    {
      "mse": 0.3773033022880554,
      "mae": 0.284246027469635,
      "rmse": 0.6142501831054688,
      "r2": 0.5214029550552368
    },
    {
      "mse": 0.3756249248981476,
      "mae": 0.28325706720352173,
      "rmse": 0.6128824949264526,
      "r2": 0.5235319137573242
    },
    {
      "mse": 0.37449920177459717,
      "mae": 0.28290268778800964,
      "rmse": 0.6119633913040161,
      "r2": 0.524959921836853
    },
    {
      "mse": 0.3739220201969147,
      "mae": 0.2825855612754822,
      "rmse": 0.6114916205406189,
      "r2": 0.5256919860839844
    },
    {
      "mse": 0.373239666223526,
      "mae": 0.28199437260627747,
      "rmse": 0.6109334230422974,
      "r2": 0.5265575647354126
    },
    {
      "mse": 0.3727397620677948,
      "mae": 0.2814279794692993,
      "rmse": 0.6105241775512695,
      "r2": 0.527191698551178
    },
    {
      "mse": 0.3722735643386841,
      "mae": 0.28108739852905273,
      "rmse": 0.6101422309875488,
      "r2": 0.5277830362319946
    },
    {
      "mse": 0.37202849984169006,
      "mae": 0.28098589181900024,
      "rmse": 0.6099413633346558,
      "r2": 0.5280938744544983
    },
    {
      "mse": 0.371856689453125,
      "mae": 0.2806083559989929,
      "rmse": 0.6098005175590515,
      "r2": 0.5283118486404419
    },
    {
      "mse": 0.371460497379303,
      "mae": 0.2802853584289551,
      "rmse": 0.6094756126403809,
      "r2": 0.5288143754005432
    },
    {
      "mse": 0.3713628649711609,
      "mae": 0.28003278374671936,
      "rmse": 0.6093955039978027,
      "r2": 0.5289382338523865
    },
    {
      "mse": 0.37113016843795776,
      "mae": 0.27973705530166626,
      "rmse": 0.6092045307159424,
      "r2": 0.5292333960533142
    },
    {
      "mse": 0.37098947167396545,
      "mae": 0.27942803502082825,
      "rmse": 0.6090890765190125,
      "r2": 0.529411792755127
    },
    {
      "mse": 0.3709106147289276,
      "mae": 0.27930665016174316,
      "rmse": 0.6090242862701416,
      "r2": 0.5295118689537048
    },
    {
      "mse": 0.3706872761249542,
      "mae": 0.2789647579193115,
      "rmse": 0.6088409423828125,
      "r2": 0.5297951698303223
    },
    {
      "mse": 0.37071099877357483,
      "mae": 0.2790347635746002,
      "rmse": 0.608860433101654,
      "r2": 0.5297651290893555
    },
    {
      "mse": 0.3704042434692383,
      "mae": 0.27864915132522583,
      "rmse": 0.6086084246635437,
      "r2": 0.5301542282104492
    },
    {
      "mse": 0.3703998625278473,
      "mae": 0.2786826193332672,
      "rmse": 0.6086048483848572,
      "r2": 0.5301597714424133
    },
    {
      "mse": 0.37026578187942505,
      "mae": 0.2785388231277466,
      "rmse": 0.6084946990013123,
      "r2": 0.5303298234939575
    },
    {
      "mse": 0.370126873254776,
      "mae": 0.27853259444236755,
      "rmse": 0.6083805561065674,
      "r2": 0.5305060148239136
    },
    {
      "mse": 0.37013906240463257,
      "mae": 0.2784695625305176,
      "rmse": 0.6083905696868896,
      "r2": 0.5304906368255615
    },
    {
      "mse": 0.370042085647583,
      "mae": 0.27836745977401733,
      "rmse": 0.6083108186721802,
      "r2": 0.5306135416030884
    },
    {
      "mse": 0.3698868751525879,
      "mae": 0.2783087193965912,
      "rmse": 0.6081832647323608,
      "r2": 0.5308104157447815
    },
    {
      "mse": 0.36998096108436584,
      "mae": 0.27843594551086426,
      "rmse": 0.6082606315612793,
      "r2": 0.5306911468505859
    },
    {
      "mse": 0.3697357177734375,
      "mae": 0.27823585271835327,
      "rmse": 0.6080589890480042,
      "r2": 0.5310021638870239
    },
    {
      "mse": 0.3697725832462311,
      "mae": 0.2783808708190918,
      "rmse": 0.60808926820755,
      "r2": 0.53095543384552
    },
    {
      "mse": 0.3698294460773468,
      "mae": 0.2784361243247986,
      "rmse": 0.6081360578536987,
      "r2": 0.5308833122253418
    },
    {
      "mse": 0.36976146697998047,
      "mae": 0.27843132615089417,
      "rmse": 0.6080801486968994,
      "r2": 0.5309695601463318
    },
    {
      "mse": 0.3695840537548065,
      "mae": 0.2781803607940674,
      "rmse": 0.6079342365264893,
      "r2": 0.5311945676803589
    },
    {
      "mse": 0.36967435479164124,
      "mae": 0.278301864862442,
      "rmse": 0.6080085039138794,
      "r2": 0.5310800075531006
    },
    {
      "mse": 0.36956870555877686,
      "mae": 0.27822256088256836,
      "rmse": 0.6079216003417969,
      "r2": 0.5312139987945557
    },
    {
      "mse": 0.3695855140686035,
      "mae": 0.2781890332698822,
      "rmse": 0.6079354286193848,
      "r2": 0.5311927795410156
    },
    {
      "mse": 0.3694761395454407,
      "mae": 0.2782180905342102,
      "rmse": 0.6078454852104187,
      "r2": 0.5313314199447632
    },
    {
      "mse": 0.3695164620876312,
      "mae": 0.27825024724006653,
      "rmse": 0.6078786849975586,
      "r2": 0.5312802791595459
    },
    {
      "mse": 0.36944711208343506,
      "mae": 0.2781718075275421,
      "rmse": 0.6078215837478638,
      "r2": 0.5313682556152344
    },
    {
      "mse": 0.36938467621803284,
      "mae": 0.2782345116138458,
      "rmse": 0.6077702641487122,